NAME,AMW,ATDF,BOVM,BUR,CBO,CC,CM,CRIX,DAC,DIT,FANOUT,FDP,GREEDY,LOCC,NAS,NDU,NOA,NOAM,NOD,NOM,NOPA,TCC,WMC,WOC
Counter,0,0,0,1,0,1,3,0,0,0,0,0,0,46,0,0,0,0,0,7,0,0,0,1
CounterService,1.17,0,0,1,0,1,3,0,0,0,0,0,0,45,0,0,2,0,0,6,0,1,7,1
Client,0,0,0,1,0,1,1,0,0,0,0,0,0,15,0,0,0,0,2,6,0,0,0,1
ConnectionListener,0,0,0,1,0,0,0,0,0,0,0,0,0,4,0,0,0,0,2,2,0,0,0,1
NioBaseServer,1.12,0,0,1,0,1,1,0,0,1,0,0,0,173,0,0,8,0,2,16,0,0.06,18,1
Acceptor,3.75,4,0,1,1,0,0,0.5,0,0,6,1,0,73,0,0,0,0,0,4,0,0.33,15,1
NioClient,1.86,3,0,0.23,3,0,0,0,1,2,3,3,0,104,6,0,2,0,0,14,0,0.38,26,1
NioServer,1.75,3,2,0.31,3,0,0,0,0,2,3,3,0,115,2,0,1,0,0,8,0,0.5,14,1
Receiver,0,0,0,1,0,0,0,0,0,0,0,0,0,25,0,0,0,0,5,3,0,0,0,1
ReceiverAdapter,1,0,0,1,0,1,2,0,0,0,0,0,0,19,0,0,0,0,4,3,0,0,3,1
TcpBaseServer,1,0,0,1,0,0,0,0,0,1,0,0,0,17,0,0,1,0,2,4,0,0,4,1
TcpClient,1.81,2,0,0.33,2,0,0,0,1,2,2,2,0,114,6,0,2,0,0,16,0,0.27,29,1
Executions,6,0,0,1,1,0,0,0,0,0,1,0,0,163,0,0,0,0,0,2,0,1,12,1
StreamableCallable,1.17,0,0,1,0,0,0,0,2,0,0,0,0,69,2,0,3,0,0,6,0,0.5,7,1
ExecutorNotification,0,0,0,1,0,0,0,0,0,0,0,0,0,7,0,0,0,0,0,3,0,0,0,1
GridFilesystem,1.47,0,0,1,2,0,0,0,2,0,2,0,0,98,0,0,4,0,0,15,0,0.41,22,1
MethodInvoker,0,0,0,1,0,0,0,0,0,0,0,0,0,14,0,0,0,0,0,1,0,1,0,1
MethodLookup,0,0,0,1,0,0,0,0,0,0,0,0,0,3,0,0,0,0,0,1,0,1,0,1
ReplicatedMap,0,0,0,1,0,0,0,0,0,0,0,0,0,17,0,0,0,0,0,8,0,0,0,1
Request,0.93,0,0,1,1,0,0,0,1,1,3,0,0,74,0,0,4,0,0,15,0,0.03,14,1
RspFilter,0,0,0,1,0,0,0,0,0,0,0,0,0,19,0,0,0,0,0,2,0,0,0,1
Response,0,0,0,1,0,0,0,0,0,0,0,0,0,24,0,0,0,0,0,2,0,0,0,1
RpcDispatcherAnycastTest,1,3,0,1,3,0,0,0,1,1,3,3,0,83,0,0,6,0,0,3,0,1,3,1
Target,1,0,0,1,0,0,0,0,0,0,0,0,0,5,0,0,0,0,0,1,0,1,1,1
RpcDispatcherInterruptTest,1.33,2,0,1,2,0,0,0,1,1,2,2,0,87,0,0,4,0,0,6,0,0.13,8,1
RpcDispatcherSerializationTest,1.6,5,0,1,4,0,0,0,2,1,5,4,0,155,0,0,5,0,0,5,0,0.8,8,1
LockNotification,0,0,0,1,0,0,0,0,0,0,0,0,0,9,0,0,0,0,0,7,0,0,0,1
ForkChannel,1.88,1,0,1,1,0,0,0,0,1,5,1,0,300,14,0,3,0,0,24,0,0.09,45,1
ForkProtocol,1.67,1,0,1,1,0,0,0,0,1,1,1,0,31,0,0,1,0,0,3,0,0,5,1
UnknownForkHandler,0,0,0,1,0,0,0,0,0,0,0,0,0,18,0,0,0,0,0,2,0,0,0,1
Log,0,0,0,1,0,16,28,0,0,0,0,0,0,48,0,0,0,0,2,26,0,0,0,1
CustomLogFactory,0,0,0,1,0,1,2,0,0,0,0,0,0,6,0,0,0,0,0,2,0,0,0,1
JDKLogImpl,1.56,0,0,1,0,0,0,0,0,0,0,0,0,205,0,0,2,0,0,32,0,0.2,50,1
Log4J2LogImpl,1.41,0,0,1,0,0,0,0,0,0,0,0,0,164,0,0,2,0,0,29,0,0.85,41,1
CertficateCNMatcher,1.5,0,0,1,0,0,0,0,0,0,0,0,0,28,0,0,2,0,0,2,0,1,3,1
CLEAR_FLAGS,2,0,0,1,0,0,0,0,0,1,0,0,0,11,0,0,1,0,0,1,0,1,2,1
DELIVERY_TIME,1,0,0,1,0,0,0,0,0,1,0,0,0,46,0,0,1,0,0,4,0,1,4,1
DISCARD_PAYLOAD,3.5,0,0,1,0,0,0,0,0,1,0,0,0,34,0,0,3,0,0,2,0,1,7,1
GOOGLE_PING,2,0,1,0.25,1,0,0,0,0,2,1,0,0,15,0,0,0,0,0,2,0,0,4,1
S3_PING,4.23,14,0,1,8,1,9,2,1,1,15,8,3100,1867,0,0,10,0,1,13,0,0.23,55,1
HDRS,2.33,0,0,1,0,0,0,0,0,1,0,0,0,34,0,0,2,0,0,3,0,1,7,1
KeyExchange,1.25,3,0,1,1,0,0,0,1,1,5,1,0,58,0,0,1,0,0,8,0,0.07,10,1
NoBundler,1.17,4,0,1,1,0,0,0,1,0,4,1,0,29,0,0,2,0,0,6,0,0,7,1
CallingFormat,0.43,0,0,1,0,1,2,0,1,0,0,0,0,91,0,0,3,0,3,7,0,0,3,1
SenderSendsBundler,3,0,0,1,0,0,0,0,0,1,0,0,0,24,0,0,1,0,0,1,0,1,3,1
SNIFF,1.8,0,0,1,0,0,0,0,0,1,0,0,0,52,0,0,2,0,0,5,0,0,9,1
TRACE,1,0,0,1,0,0,0,0,0,1,0,0,0,39,0,0,0,0,0,6,0,0.6,6,1
S3_PINGTest,1,2,0,1,3,0,0,0,1,0,8,1,0,141,0,0,1,0,0,18,0,0.24,18,1
ASYM_ENCRYPT_LeaveTest,1,0,0,1,0,0,0,0,0,1,0,0,0,34,0,0,2,0,1,4,0,0,4,1
ASYM_ENCRYPT_LeaveTestKeyExchange,1,0,1,0.2,0,0,0,0,0,2,0,0,0,7,1,0,0,0,0,2,0,0,2,1
ASYM_ENCRYPT_TestKeyExchange,1,0,0,1,0,0,0,0,0,1,0,0,0,20,0,0,0,0,0,4,0,0.17,4,1
AUTHTest,1.08,4,0,1,2,0,0,0.5,0,0,10,2,0,188,0,0,0,0,0,12,0,0,13,1
NAKACK_SET_DIGEST_Test,1,1,0,1,1,0,0,0,1,0,3,1,0,62,0,0,9,0,0,3,0,1,3,1
SUPERVISOR_Test,1.43,0,0,1,1,0,0,0,0,0,1,0,0,103,0,0,2,0,0,7,0,0.19,10,1
RestartFailureDetector,1.14,0,0,1,0,0,0,0,0,1,0,0,0,21,0,0,1,0,0,7,0,0.4,8,1
SYM_ENCRYPT_Test,1,0,0,1,0,0,0,0,0,1,0,0,0,39,0,0,1,0,0,4,0,0,4,1
TCPPING_Test,1,1,0,1,1,0,0,0,0,0,1,1,0,21,0,0,1,0,0,2,0,0,2,1
MySender,1.5,0,0,1,0,0,0,0,1,1,0,0,0,31,0,0,4,0,0,2,0,1,3,1
UNICAST_DropFirstAndLastTest,1.4,0,0,1,0,0,0,0,0,0,0,0,0,129,0,0,4,0,0,10,0,0.18,14,1
UNICAST_DroppedAckTest,1.67,0,0,1,0,0,0,0,0,0,0,0,0,62,0,0,2,0,0,6,0,0.2,10,1
RouteStatusListener,0,0,0,1,0,0,0,0,0,0,0,0,0,6,0,0,0,0,1,2,0,0,0,1
Route,1.36,0,0,1,1,0,0,0,2,0,2,0,0,60,0,0,5,0,0,11,0,0.16,15,1
SiteAddress,0,0,0,1,0,0,0,0,0,0,0,0,0,4,1,0,0,0,0,1,0,1,0,1
SiteMasterPicker,0,0,0,1,0,0,0,0,0,0,0,0,0,20,0,0,0,0,0,2,0,0,0,1
GmsImpl,0.86,2,0,1,1,0,0,0,1,0,2,1,0,139,0,0,3,0,1,22,0,0.07,19,1
ServerGmsImpl,1.58,0,7,0.5,1,0,0,0,0,1,2,0,0,97,0,0,0,0,0,12,0,0.33,19,1
CheckFDMonitor,1.57,1,0,1,1,0,0,0,0,1,1,1,0,38,1,0,1,0,0,7,0,0.29,11,1
Rule,0.8,0,0,1,1,0,0,0,1,0,3,0,0,46,0,0,2,0,3,10,0,0,8,1
EventHandler,0,0,0,1,0,0,0,0,0,0,0,0,0,18,0,0,0,0,0,4,0,0,0,1
SampleRule,1,0,0,1,0,0,0,0,0,1,0,0,0,21,0,0,0,0,0,5,0,0,5,1
DeliveryManager,0,0,0,1,0,1,1,0,0,0,0,0,0,11,0,0,0,0,0,1,0,1,0,1
DeliveryProtocol,0,0,0,1,0,1,1,0,0,0,0,0,0,8,0,0,0,0,0,1,0,1,0,1
DeliveryThread,1.5,0,0,1,3,0,0,0,3,1,3,0,0,58,0,0,4,0,0,6,0,0,9,1
AddressedDNSResolverTest,1,0,0,1,0,0,0,0,0,0,0,0,0,55,0,0,0,0,0,3,0,0,3,1
DNS_PINGTest,1.2,0,0,1,0,0,0,0,0,0,0,0,0,70,0,0,2,0,0,5,0,0.3,6,1
X509Token,1.6,0,0,1,1,0,0,0,0,1,2,0,0,122,4,0,12,0,0,10,0,0.5,16,1
FileObserver,0,0,0,1,0,1,1,0,0,0,0,0,0,3,0,0,0,0,0,1,0,1,0,1
FileWatchTask,2,0,0,1,1,0,0,0,1,1,1,0,0,24,0,0,3,0,0,2,0,1,4,1
SaslClientCallbackHandler,4,0,0,1,0,0,0,0,0,0,0,0,0,27,0,0,3,0,0,2,0,1,8,1
SaslContext,0,0,0,1,0,0,0,0,0,0,0,0,0,13,0,0,0,0,0,6,0,0,0,1
AdditionalJmxObjects,0,0,0,1,0,0,0,0,0,0,0,0,0,3,0,0,0,0,1,1,0,1,0,1
BecomeServerTest,1.25,1,0,1,1,1,1,0,0,1,1,1,0,71,0,0,2,0,0,4,0,0.17,5,1
1,1,0,2,1,0,0,0,0,0,1,0,0,0,5,0,0,0,0,0,1,0,1,1,1
2,1,1,0,1,1,0,0,0,0,1,2,1,0,5,0,0,0,0,0,1,0,1,1,1
3,2,2,2,1,1,0,0,0,0,1,2,1,0,13,0,0,0,0,0,1,0,1,2,1
BecomeServerTestHelper,2.5,0,0,1,0,0,0,0,0,1,0,0,0,20,0,0,0,0,0,2,0,1,5,1
ForwardToCoordFailoverTestHelper,1.5,0,0,1,0,0,0,0,0,1,0,0,0,25,0,0,0,0,0,2,0,1,3,1
1,2,0,0,1,2,0,0,0,0,1,3,0,0,9,0,0,0,0,0,1,0,1,2,1
MessageBeforeConnectedTestHelper,1,0,0,1,0,0,0,0,0,1,0,0,0,25,0,0,0,0,0,2,0,1,2,1
SendUnicast,1,0,0,1,0,0,0,0,0,0,0,0,0,5,0,0,0,0,0,1,0,1,1,1
SequencerFailoverTestHelper,1.5,0,0,1,0,0,0,0,0,1,0,0,0,25,0,0,0,0,0,2,0,1,3,1
ServerTestHelper,1,0,0,1,0,0,0,0,0,1,0,0,0,17,0,0,0,0,0,4,0,0,4,1
Closer,1,0,0,1,0,0,0,0,0,1,0,0,0,20,0,0,2,0,0,2,0,1,2,1
MyReceiver,1,0,5,1,0,0,0,0,0,1,0,0,0,23,0,0,1,0,0,5,0,1,5,1
ConcurrentFlushTest,1.25,2,0,1,2,0,0,0,0,0,2,2,0,227,0,0,3,0,0,8,0,0.36,10,1
EventSequence,0,0,0,1,0,0,0,0,0,0,0,0,0,6,0,0,0,0,1,2,0,0,0,1
Flusher,2,0,0,1,0,0,0,0,0,1,0,0,0,34,0,0,4,0,0,2,0,1,4,1
ThreadFactoryTest,1,2,0,1,2,0,0,0,1,0,6,1,0,54,0,0,4,0,0,3,0,1,3,1
MyRunnable,0.5,0,0,1,0,0,0,0,0,0,0,0,0,3,0,0,0,0,0,2,0,1,1,1
BARRIERTest,1.25,2,0,1,2,3,3,0,0,0,4,2,0,149,0,0,4,0,0,8,0,0.93,10,1
1,1,2,0,1,1,0,0,0,0,1,2,1,0,2,0,0,0,0,0,1,0,1,1,1
BlockingReceiver,1,0,2,1,0,0,0,0,0,1,0,0,0,16,0,0,1,0,0,2,0,1,2,1
2,1,2,0,1,1,0,0,0,0,1,2,1,0,4,0,0,0,0,0,1,0,1,1,1
3,1,2,0,1,1,0,0,0,0,1,2,1,0,4,0,0,0,0,0,1,0,1,1,1
BitsTest,1.43,0,0,1,2,0,0,0,0,0,37,0,0,402,0,0,0,0,0,46,0,0.03,66,1
ByteBufferOutputStreamTest,2,2,0,1,2,0,0,0,0,0,2,2,0,22,0,0,0,0,0,1,0,1,2,1
ClassConfiguratorTest,1,0,0,1,0,0,0,0,0,0,0,0,0,21,0,0,1,0,0,1,0,1,1,1
ConnectStressTest,2.8,0,0,1,1,0,0,0,0,0,1,0,0,96,0,0,4,0,0,5,0,0.4,14,1
MyThread,1,0,0,1,0,0,0,0,0,1,0,0,0,19,0,0,2,0,0,2,0,1,2,1
CustomProtocolTest,1,0,0,1,0,0,0,0,0,0,0,0,0,18,0,0,0,0,0,1,0,1,1,1
DiscoveryTest,1.5,1,0,1,1,0,0,0,0,0,2,1,0,57,0,0,4,0,0,6,0,0.4,9,1
DrainTest,2.5,0,0,1,0,0,1,0,3,0,0,0,0,88,0,0,6,0,0,4,0,0.5,10,1
DynamicDiscardTest,2,8,0,1,5,0,0,0,0,0,8,5,0,62,0,0,1,0,0,1,0,1,2,1
MyRequestHandler,0.5,0,0,1,0,0,0,0,0,0,0,0,0,7,0,0,0,0,0,2,0,1,1,1
MyMembershipListener,1,0,1,1,0,0,0,0,0,1,0,0,0,11,0,0,1,0,0,2,0,1,2,1
FalseSuspicionTest,1.6,0,0,1,0,0,0,0,0,0,0,0,0,65,0,0,3,0,0,5,0,0.3,8,1
FdMonitorTest,1,0,0,1,0,0,0,0,0,0,0,0,0,59,0,0,3,0,0,7,0,0.19,7,1
JmxTest,1.29,2,0,1,2,0,0,0,1,0,2,2,0,222,0,0,4,0,0,17,0,0.18,22,1
Child,0.9,0,0,0,0,0,0,0,0,1,0,0,0,29,9,0,4,0,0,10,0,0,9,1
Parent,1,0,0,1,0,0,0,0,0,0,0,0,0,21,0,0,5,0,1,2,0,0,2,1
LazyThreadFactoryTest,2,0,0,1,0,0,0,0,0,0,0,0,0,43,0,0,2,0,0,2,0,1,4,1
LeaveTest,1,0,0,1,0,0,0,0,0,1,0,0,0,23,0,0,0,0,0,3,0,0,3,1
MergeTest5,1.57,0,0,1,0,0,0,0,0,0,0,0,0,98,0,0,3,0,0,7,0,0.14,11,1
MessageBatchDrainTest,1.75,0,0,1,0,0,1,0,0,0,0,0,0,141,0,0,10,0,0,8,0,0.36,14,1
MessageBatchDrainTest2,1.78,0,0,1,0,0,1,0,0,0,0,0,0,157,0,0,10,0,0,9,0,0.39,16,1
MessageDispatcherRSVPTest,1.75,0,0,1,7,0,0,0,1,0,12,0,0,169,0,0,4,0,0,8,0,1,14,1
MyDiagnosticsHandler,1,0,0,1,0,1,2,0,0,1,0,0,0,10,0,0,0,0,0,4,0,0,4,1
MessageSizeTest,1.67,3,0,1,3,0,0,0,0,0,4,2,0,95,0,0,6,0,0,6,0,0.07,10,1
ProgrammaticApiTest,1,2,0,1,2,0,0,0,0,0,2,2,0,59,0,0,1,0,0,3,0,0.33,3,1
PropertyConvertersTest,1.8,1,0,1,1,0,0,0,0,0,1,1,0,62,0,0,0,0,0,5,0,0,9,1
ReceiverAdapterTest,1.67,0,0,1,1,0,0,0,0,0,1,0,0,43,0,0,0,0,0,3,0,0,5,1
ResponsesTest,2.58,0,0,1,0,0,0,0,3,0,0,0,0,180,0,0,4,0,0,12,0,0.56,31,1
RSVPTest,2,6,0,1,5,0,0,0,1,0,6,5,0,223,0,0,4,0,0,8,0,0.75,16,1
VersionTest,1.1,0,0,1,1,0,0,0,0,0,8,0,0,74,0,0,0,0,0,10,0,0,11,1
CheckMonotonicallyIncreasingNumbers,4,0,0,1,0,0,0,0,0,0,0,0,0,57,0,0,0,0,0,3,0,1,12,1
FlowControlTest,2.71,0,3,1,0,0,0,0,0,1,0,0,0,130,2,0,2,0,0,7,0,0.8,19,1
mcast,3.6,0,0,1,1,1,1,0,0,0,2,0,0,194,0,0,9,0,0,5,0,0.33,18,1
Receiver,2,3,0,1,1,1,1,0,0,1,4,1,0,46,0,0,1,0,0,3,0,1,6,1
McastSender,2,2,0,1,2,0,0,0,0,1,3,1,0,22,0,0,0,0,0,2,0,1,4,1
UcastReceiver,2.5,2,0,1,2,0,0,0.5,0,1,2,2,2000,36,0,0,0,0,0,2,0,1,5,1
McastReceiverTest,5.5,0,0,1,0,0,0,0,0,0,0,0,0,106,0,0,0,0,0,2,0,0,11,1
ModClusterAdvertizeListener,6.5,0,0,1,0,0,0,0.5,0,0,0,0,0,96,0,0,0,0,0,2,0,1,13,1
MulticastTest,1.25,0,0,1,0,0,0,0,0,0,0,0,0,46,0,0,3,0,0,4,0,0.33,5,1
NioClientTest,2.6,0,0,1,1,0,0,0,0,0,1,0,0,115,0,0,4,0,0,5,0,0,13,1
Sender,2,2,0,1,1,0,0,0,0,1,2,1,0,41,0,0,5,0,0,2,0,1,4,1
ShmTest,6.5,0,0,1,0,0,0,0.5,0,0,0,0,0,83,0,0,4,0,0,2,0,0,13,1
UnicastTest,2.53,0,0,1,1,1,1,0,1,0,2,0,0,305,0,0,10,0,0,15,0,0.55,38,1
UnicastTestSharedLoopback,1,0,0,1,1,0,0,0,0,0,3,0,0,26,0,0,0,0,0,2,0,0,2,1
UnicastTestTcp,2.83,0,0,1,4,1,1,0,2,0,6,0,0,301,0,0,25,0,0,12,0,0.55,34,1
Acceptor,1.33,1,0,1,1,0,0,0,0,1,6,1,0,27,0,0,0,0,0,3,0,0,4,1
UnicastTestTcpSlow,3,3,0,1,6,0,1,0,1,0,15,1,0,335,0,0,24,0,0,11,0,0.67,33,1
RtReceiver,0,0,0,1,0,2,4,0,0,0,0,0,0,11,0,0,0,0,0,1,0,1,0,1
RtTransport,0,0,0,1,0,0,0,0,0,0,0,0,0,57,0,0,0,0,4,8,0,0,0,1
JGroupsTransport,2.17,0,3,1,1,0,0,0,2,1,1,0,0,115,0,0,6,0,0,12,0,0.13,26,1
NioTransport,2,0,0,1,1,0,0,0,3,0,1,0,0,118,0,0,9,0,0,9,0,0.11,18,1
Receiver,4,3,0,1,2,0,0,0.5,0,1,3,2,0,31,0,0,0,0,0,2,0,1,8,1
ServerTransport,2.09,0,2,1,7,0,0,0,2,1,8,0,0,98,0,0,7,0,0,11,0,0.11,23,1
TcpTransport,2,0,0,1,0,0,0,0,3,0,0,0,0,116,0,0,11,0,0,9,0,0.07,18,1
UdpPerf,1.56,0,0,1,2,2,2,0,1,0,2,0,0,200,0,0,11,0,0,9,0,0.29,14,1
Sender,3,0,0,1,1,0,0,0,0,1,1,0,0,36,0,0,3,0,0,2,0,1,6,1
1,1,0,1,1,0,0,0,0,0,1,0,0,0,5,0,0,0,0,0,1,0,1,1,1
2,1,0,1,1,0,0,0,0,0,1,0,0,0,5,0,0,0,0,0,1,0,1,1,1
ProgrammaticChat,2,2,0,1,2,0,0,0,0,0,2,2,0,55,0,0,0,0,0,1,0,1,2,1
PubClient,2,0,3,1,6,0,0,0,0,1,7,0,0,126,1,0,4,0,0,11,0,0.42,22,1
PubServer,1.86,0,3,1,5,0,0,0,1,1,5,0,0,72,1,0,2,0,0,7,0,0.47,13,1
RelayDemo,2,1,0,1,1,0,0,0,0,0,1,1,0,85,0,0,0,0,0,2,0,0,4,1
ViewDemo,1.5,0,2,1,0,0,0,0,0,1,0,0,0,60,2,0,1,0,0,6,0,0.3,9,1
MessageDialog,1,0,0,1,0,0,0,0,0,4,0,0,0,40,0,0,2,0,0,2,0,1,2,1
SendDialog,2.67,1,0,1,2,0,0,0,2,4,2,1,0,80,0,0,5,0,0,3,0,1,8,1
SizeStreamable,0,0,0,1,0,0,0,0,0,0,0,0,0,4,1,0,0,0,6,1,0,1,0,1
Streamable,0,0,0,1,0,0,0,0,0,0,0,0,0,10,0,0,0,0,18,2,0,0,0,1
ThreadFactory,0,0,0,1,0,2,2,0,0,0,0,0,0,9,0,0,0,0,1,6,0,0,0,1
ByteArrayDataOutputStream,2.22,0,0,1,1,7,10,0,1,0,1,0,0,192,0,0,3,0,0,27,0,0.04,60,1
ByteArrayDataInputStream,2.62,0,0,1,0,2,5,0,1,0,0,0,0,269,0,0,3,0,0,26,0,0,68,1
MergeId,1.33,0,0,1,0,0,0,0,1,0,0,0,0,48,5,0,3,0,0,9,0,0.29,12,1
ArrayIterator,1.25,0,0,1,0,0,0,0,1,0,0,0,0,22,0,0,2,0,0,4,0,0,5,1
AsciiString,1.92,0,0,1,0,2,7,0,1,0,0,0,0,80,0,0,1,0,0,12,0,0.29,23,1
Bits,2.03,0,0,1,1,0,0,0,0,0,3,0,0,769,0,0,0,0,0,68,0,0,138,1
BlockingInputStream,2.29,0,0,1,0,0,0,0,3,1,0,0,0,246,0,0,7,0,0,17,0,0.18,39,1
BoundedHashMap,1,0,0,1,0,0,0,0,0,1,0,0,0,16,0,0,2,0,0,3,0,0,3,1
ByteBufferInputStream,2.29,0,0,1,0,0,0,0,0,0,0,0,0,209,0,0,1,0,0,17,0,0.38,39,1
ConcurrentLinkedBlockingQueue,1.91,0,0,1,0,0,0,0,0,1,0,0,0,126,0,0,5,0,0,11,0,0.02,21,1
1,1,1,0,1,1,0,0,0,0,1,1,1,0,5,0,0,0,0,0,1,0,1,1,1
Condition,0,0,0,1,0,1,2,0,0,0,0,0,0,5,0,0,0,0,0,1,0,1,0,1
CondVar,2.2,0,0,1,1,0,0,0,0,0,1,0,0,84,0,0,2,0,0,5,0,1,11,1
DirectExecutor,1,0,0,1,0,0,0,0,0,0,0,0,0,7,0,0,0,0,0,1,0,1,1,1
FixedSizeBitSet,4,0,0,1,0,0,0,0,1,0,0,0,0,351,0,0,5,0,0,15,0,0,60,1
FutureListener,0,0,0,1,0,0,0,0,0,0,0,0,0,3,0,0,0,0,0,1,0,1,0,1
GetNetworkInterfaces,3,0,0,1,0,0,0,0,0,0,0,0,0,17,0,0,0,0,0,1,0,1,3,1
InputStreamAdapter,1,0,0,1,1,0,0,0,1,1,5,0,0,47,0,0,1,0,0,9,0,0.21,9,1
MutableDigest,2.4,0,0,1,0,0,0,0,0,1,0,0,0,97,0,0,0,0,0,10,0,0,24,1
NotifyingFuture,0,0,0,1,0,0,0,0,0,0,0,0,0,10,0,0,0,0,0,1,0,1,0,1
OneTimeAddressGenerator,1.5,0,0,1,0,0,0,0,0,0,0,0,0,16,0,0,2,0,0,2,0,1,3,1
OutputStreamAdapter,1,0,0,1,1,0,0,0,1,1,3,0,0,28,0,0,1,0,0,6,0,0.3,6,1
PaddedAtomicBoolean,1,0,0,1,0,0,0,0,0,1,0,0,0,14,0,0,16,0,0,2,0,1,2,1
PaddedAtomicInteger,1,0,0,1,0,0,0,0,0,2,0,0,0,13,0,0,14,0,0,2,0,1,2,1
RingBuffer,1.68,0,0,1,0,0,0,0,3,0,0,0,0,293,0,0,7,0,0,25,0,0.23,42,1
Rsp,1.39,0,0,1,0,2,2,0,0,0,0,0,0,115,0,0,6,0,0,18,0,0.37,25,1
SeqnoComparator,4.75,0,0,1,0,1,5,0,0,0,0,0,0,34,0,0,1,0,0,4,0,0,19,1
TimeService,1.7,0,0,1,0,0,0,0,0,0,0,0,0,62,0,0,4,0,0,10,0,0.11,17,1
AddressGenerator,0,0,0,1,0,0,0,0,0,0,0,0,0,3,0,0,0,0,1,1,0,1,0,1
MembershipChangePolicy,0,0,0,1,0,0,0,0,0,0,0,0,0,24,0,0,0,0,0,2,0,0,0,1
ProtocolHook,0,0,0,1,0,0,0,0,0,0,0,0,0,9,0,0,0,0,0,1,0,1,0,1
PhysicalAddress,0,0,0,1,0,0,0,0,0,0,0,0,0,3,1,0,0,0,0,1,0,1,0,1
Channel,1.12,1,0,1,1,0,0,0,0,0,1,1,0,473,0,0,1,0,0,42,0,0.9,47,1
ChannelListener,0,0,0,1,0,0,0,0,0,0,0,0,0,23,0,0,0,0,1,3,0,0,0,1
Constructable,0,0,0,1,0,0,0,0,0,0,0,0,0,4,0,0,0,0,0,1,0,1,0,1
UnreachableException,1,0,0,1,0,0,0,0,1,3,0,0,0,19,0,0,2,0,0,3,0,1,3,1
PropertyConverter,0,0,0,1,0,2,6,0,0,0,0,0,0,12,0,0,0,0,0,2,0,0,0,1
PropertyHelper,4.71,0,0,1,1,0,0,0,1,0,1,0,0,138,0,0,1,0,0,7,0,0,33,1
ProtocolStackConfigurator,0,0,0,1,0,0,0,0,0,0,0,0,0,4,0,0,0,0,0,2,0,0,0,1
DefaultSocketFactory,0.96,0,0,1,0,0,0,0,0,0,0,0,0,101,0,0,0,1,0,25,0,0,24,0.96
ByteBufferOutputStream,1.79,0,0,1,1,0,0,0,0,0,1,0,0,130,0,0,1,1,0,19,0,0.36,34,0.94
AWSAuthConnection,1.89,3,0,1,8,1,4,2,1,0,21,2,0,564,0,0,8,0,0,38,0,0.02,72,0.92
Connection,0,0,0,1,0,1,1,0,2,0,0,0,0,17,0,0,3,0,0,11,0,0,0,0.92
ApplFrame,1,0,0,1,1,0,0,0,1,4,2,0,0,57,0,0,1,0,0,12,1,0.05,12,0.92
ConcurrentLinkedBlockingQueue2,1.8,0,0,1,0,0,0,0,0,1,0,0,0,158,0,0,6,0,0,15,1,0.16,27,0.92
MessageID,1.82,3,0,1,1,0,0,0,1,0,3,1,0,78,5,0,2,1,0,11,0,0.28,20,0.89
Credit,1.42,1,0,1,1,0,0,0,1,0,2,1,0,118,0,0,6,1,0,12,0,0.33,17,0.89
AuthToken,0.62,0,0,1,0,0,0,0,1,0,0,0,0,39,7,0,2,1,5,8,0,0,5,0.88
RpcDispatcherAnycastMultipleCallsTest,2.8,0,0,1,0,0,0,0,0,1,0,0,0,113,0,0,2,0,0,10,0,0.02,28,0.86
1,1,0,0,1,0,0,0,0,0,1,0,0,0,10,0,0,0,2,0,8,0,0,8,0.86
RpcDispatcherUnicastMethodExceptionTest,1,3,0,1,2,0,0,0,1,1,3,2,0,134,0,0,2,0,0,18,2,0.43,18,0.83
ListAllMyBucketsHandler,1.57,1,0,1,1,1,1,0,4,1,1,1,0,57,0,0,4,1,0,7,0,0.07,11,0.83
RegexMembership,3,0,0,1,2,0,0,0,0,1,4,0,0,78,0,0,4,1,0,7,0,0.07,21,0.83
SeqnoComparatorTest,1,1,0,1,1,0,0,0,1,0,1,1,0,67,0,0,1,0,0,5,0,1,5,0.83
MockSocketChannel,1.64,0,0,1,0,0,0,0,0,4,0,0,0,174,0,0,4,4,0,28,0,0,46,0.83
Whiteboard,1.65,8,0,1,6,1,4,0,2,4,8,6,0,226,0,0,10,0,0,26,4,0.3,43,0.81
LocationResponseHandler,1.4,0,0,1,0,0,0,0,0,1,0,0,0,25,0,0,2,0,0,5,1,0.17,7,0.8
Chat,2,0,3,1,0,0,0,0,0,1,0,0,0,80,2,0,1,0,0,8,1,0.43,16,0.8
Average,1.4,2,0,1,1,1,2,0,0,0,2,1,0,64,6,0,2,2,0,10,0,0.07,14,0.8
MatchingPromise,1.17,0,0,1,0,0,0,0,1,1,0,0,0,49,0,0,1,1,0,6,0,0.1,7,0.8
LogFactory,2.36,0,0,1,3,0,0,0,1,0,6,0,0,122,0,0,6,0,0,11,0,0.07,26,0.78
Range,1.33,0,0,1,1,0,0,0,0,0,3,0,0,56,4,0,2,0,0,9,2,0.05,12,0.78
RATE_LIMITER,2.17,1,0,1,1,0,0,0,0,1,1,1,0,130,0,0,10,3,0,12,0,0.09,26,0.75
PathCallingFormat,1.8,0,0,0,1,0,0,0,0,1,1,0,0,24,0,0,0,1,0,5,0,0,9,0.75
AdditionalInfo,1,0,0,1,0,0,0,0,0,0,0,0,0,21,0,0,2,0,0,3,1,0.33,3,0.75
Owner,1.5,2,0,1,1,0,0,0,1,0,2,1,0,53,4,0,2,2,0,10,0,0.36,15,0.75
BoundedList,2,0,0,1,0,0,0,0,0,1,0,0,0,38,0,0,1,0,0,5,1,0,10,0.75
Runner,2,0,0,1,1,0,0,0,1,0,1,0,0,85,0,0,8,3,0,13,0,0.03,26,0.75
ReceiverAdapter,0.89,0,0,1,0,0,0,0,0,0,0,0,0,33,6,0,0,2,21,9,0,0,8,0.75
RequestOptions,1.35,0,0,1,0,5,8,0,1,0,0,0,0,187,0,0,8,14,0,49,0,0,66,0.67
AwaitInfo,1,0,0,1,0,0,0,0,0,0,0,0,0,27,0,0,2,1,0,4,0,0,4,0.67
BPING,2.33,4,0,1,2,0,0,0,0,1,4,2,0,127,0,0,6,2,0,9,0,0.29,21,0.67
TCP,1.5,4,0,1,1,0,0,0,1,1,4,1,0,111,0,0,3,4,0,16,0,0.52,24,0.67
SASL_SimpleAuthorizingCallbackTest,1.4,0,0,1,0,0,0,0,0,0,0,0,0,73,0,0,5,0,0,5,2,0.4,7,0.67
Krb5Token,1.62,0,0,1,1,0,0,0,0,1,1,0,0,159,1,0,11,0,0,13,0,0.23,21,0.67
ReentrantLockTest,1.83,0,0,1,0,0,0,0,0,0,0,0,0,54,0,0,1,0,0,6,1,0.2,11,0.67
CounterServiceDemo,8.83,11,0,1,3,0,0,5,0,0,11,3,110,278,0,0,2,0,0,6,0,0.6,53,0.67
DefaultThreadFactory,2.71,0,0,1,0,1,3,0,0,0,0,0,0,146,3,0,8,3,0,14,0,0,38,0.67
SimpleToken,1.9,0,0,1,2,1,4,0,0,1,6,0,0,74,1,0,1,3,0,10,0,0.75,19,0.62
SubdomainCallingFormat,1.8,0,0,0,1,0,0,0,0,1,1,0,0,32,0,0,0,2,1,5,0,0,9,0.6
StateTransferResult,1.25,0,0,1,0,0,0,0,2,0,0,0,0,36,0,0,2,2,0,8,0,0,10,0.6
Header,0.8,0,0,1,0,0,0,0,0,0,0,0,0,20,3,0,1,2,0,5,0,0,4,0.6
RpcDispatcherBlocking,1.6,0,0,1,2,0,0,0,1,0,3,0,0,103,0,0,5,0,0,10,5,0.31,16,0.58
LockInfo,1,0,0,1,0,0,0,0,0,0,0,0,0,47,0,0,6,3,0,8,0,0,8,0.57
MembershipTest,1.14,0,0,1,0,0,0,0,1,0,0,0,0,173,0,0,9,0,0,14,9,0.71,16,0.57
RpcDispatcher,2,3,0,1,2,3,3,0,2,1,3,2,0,214,0,0,4,7,0,21,0,0.09,42,0.56
MD5Token,1.4,0,0,1,2,1,4,0,0,1,3,0,0,109,1,0,3,5,0,15,0,0.48,21,0.55
ServerObject,1,0,0,1,0,0,0,0,1,0,0,0,0,15,0,0,1,1,0,3,0,0,3,0.5
RpcDispatcherExceptionTest,1,3,0,1,3,0,0,0,2,1,3,3,0,57,0,0,3,0,0,4,2,0.83,4,0.5
SequenceNumberManager,1.25,0,0,1,0,0,0,0,0,0,0,0,0,39,0,0,1,2,0,4,0,0,5,0.5
SetPropertyTest,1,0,0,1,0,0,0,0,0,0,0,0,0,26,0,0,1,0,0,3,1,0.33,3,0.5
Result,1.67,0,0,1,0,0,0,0,0,0,0,0,0,18,0,0,2,0,0,3,2,0,5,0.5
DiscoveryRequest,1,0,0,1,0,0,0,0,0,1,0,0,0,14,1,0,2,0,0,2,1,1,2,0.5
JPerf,4.75,0,0,1,0,0,0,0,0,0,0,0,0,138,0,0,8,0,0,4,1,0.33,19,0.5
Receiver,1,1,0,1,1,0,0,0,1,1,2,1,0,17,0,0,1,0,0,2,1,1,2,0.5
CustomRejectionPolicy,2,0,0,1,0,0,0,0,0,0,0,0,0,28,0,0,2,0,0,2,0,1,4,0.5
ProgressCheckRejectionPolicy,5.5,0,0,1,1,0,0,0,0,0,1,0,0,66,0,0,5,0,0,2,0,1,11,0.5
ShutdownRejectedExecutionHandler,2,0,0,1,0,0,0,0,0,0,0,0,0,18,0,0,1,0,0,2,1,1,4,0.5
SuspectedException,1,0,0,1,0,0,0,0,0,2,0,0,0,10,0,0,2,0,0,3,1,1,3,0.5
Version,1.44,0,0,1,0,0,0,0,0,0,0,0,0,136,0,0,15,0,0,9,0,0,13,0.5
MPING,2.26,4,0,1,5,0,0,2,0,1,8,2,0,288,0,0,13,10,0,23,0,0.05,52,0.47
GridInputStream,2.4,2,0,1,1,0,0,0,5,1,2,1,0,105,0,0,9,0,0,10,7,0,24,0.43
MyReceiver,1.33,0,2,1,0,1,2,0,0,1,0,0,0,19,1,0,3,0,0,3,2,1,4,0.4
UserInfoDialog,2,0,0,1,0,1,1,0,0,4,0,0,0,60,0,0,4,0,0,3,3,1,6,0.4
Buffer,1.57,0,0,1,0,4,6,0,1,0,0,0,0,43,0,0,3,3,0,7,0,0.1,11,0.4
StateTransferInfo,1.17,0,0,1,0,0,0,0,1,0,0,0,0,41,0,0,3,0,0,6,3,1,7,0.4
GridOutputStream,1.89,2,0,1,1,0,0,0,5,1,2,1,0,122,0,0,9,0,0,9,7,0.21,17,0.38
Request,3.12,0,0,1,0,0,0,0,1,0,0,0,0,78,0,0,10,1,0,8,0,0.3,25,0.36
MessageDispatcherSpeedTest,2.25,0,1,1,2,0,0,0,0,1,3,0,0,120,3,0,7,0,0,8,6,0.71,18,0.36
ListBucketHandler,2.47,3,0,1,3,1,1,0.5,2,1,3,3,0,152,0,0,14,9,0,15,0,0.01,37,0.36
TcpServer,1.4,0,0,0,2,1,4,0,0,2,2,0,0,136,2,0,4,4,0,10,0,0.07,14,0.33
MyMarshaller,3,3,0,1,1,0,0,0.5,0,0,3,1,0,42,0,0,4,0,0,3,0,0,9,0.33
Bucket,1,0,0,1,0,0,0,0,0,0,0,0,0,25,0,0,2,0,0,3,2,1,3,0.33
Utils,4,0,0,1,1,0,0,0.5,0,0,2,0,0,321,0,0,7,0,0,14,0,0,56,0.33
ConcurrentCloseTest,1,2,0,1,2,0,0,0,0,1,2,2,0,72,0,0,2,0,0,2,2,1,2,0.33
Listener,1.33,0,3,1,0,0,0,0,0,1,0,0,0,37,0,0,7,1,0,6,7,0.6,8,0.33
LargeState,3.33,0,5,1,0,0,0,0,0,1,0,0,0,164,2,0,12,0,0,9,12,0.54,30,0.33
DiscoveryResponse,1,0,0,1,0,0,0,0,0,1,0,0,0,16,1,0,3,0,0,2,2,1,2,0.33
UnicastTestTcpRpc,3.8,0,0,1,0,0,1,0.5,0,0,0,0,0,463,0,0,34,0,0,15,6,0.4,57,0.33
DrawCommand,1.33,0,0,1,0,0,0,0,0,0,0,0,0,53,1,0,6,0,0,6,4,0.33,8,0.33
LongTuple,1,0,0,1,0,0,0,0,1,0,0,0,0,16,0,0,2,2,0,4,0,0,4,0.33
UNICAST_ContentionTest,2.67,3,0,1,2,0,0,0,0,0,3,2,0,175,0,0,5,0,0,6,2,0.2,16,0.29
InterruptTest,1.8,1,0,1,1,0,0,0,0,0,2,1,0,179,0,0,5,0,0,5,0,0,9,0.29
MergeData,1.17,0,0,1,0,0,0,2,1,0,0,0,0,42,0,0,4,3,0,6,0,0,7,0.25
SleeperThread,1.57,0,0,1,1,1,1,2,0,1,1,0,0,83,0,0,2,1,0,7,2,0.4,11,0.25
STATS,1.62,2,0,1,2,0,0,2,1,1,2,2,0,183,0,0,16,12,0,21,14,0.02,34,0.2
McastDiscovery,4.8,0,0,1,3,0,0,2.5,4,0,4,0,0,333,0,0,8,0,0,5,8,0.5,24,0.2
PingPongDatagram,1,0,0,1,0,0,0,2,1,0,0,0,0,79,0,0,8,0,0,3,3,0,3,0.2
McastReceiver,1.5,5,0,1,3,0,0,2,4,1,6,2,1000,34,0,0,5,0,0,2,5,1,3,0.17
ListEntry,0.5,0,0,1,0,0,0,2,1,0,0,0,0,35,0,0,6,0,0,2,6,1,1,0.14
Entry,0.5,0,0,1,0,0,0,2,0,0,0,0,0,11,0,0,6,0,0,2,6,1,1,0.14
Triple,1,0,0,1,0,0,0,2,0,0,0,0,0,39,0,0,3,6,0,8,0,0,8,0.14
PaddedAtomicLong,1,0,0,1,0,0,0,2,0,2,0,0,0,12,0,0,7,0,0,2,7,1,2,0.12
Node,1,0,0,1,0,0,0,2,1,0,0,0,0,16,0,0,11,0,0,1,11,1,1,0.08
Event,8.5,0,0,1,0,6,7,0,1,0,0,0,0,160,0,0,63,2,1,8,0,0,68,0.06
Global,1.75,0,0,1,0,0,0,0,1,0,0,0,0,126,0,0,59,0,0,4,0,0,7,0.05
ExecutorEvent,1,0,0,1,0,0,0,0,0,1,0,0,0,16,0,0,5,0,0,1,0,0,1,0
V,0,0,0,1,0,0,0,0,0,0,0,0,0,1,0,0,0,0,0,0,0,0,0,0
K,0,0,0,1,0,0,0,0,0,0,0,0,0,1,0,0,0,0,0,0,0,0,0,0
T,0,0,0,1,0,0,0,0,0,0,0,0,0,1,0,0,0,0,0,0,0,0,0,0
ResponseMode,0,0,0,1,0,0,0,0,0,0,0,0,0,1,0,0,0,0,0,0,0,0,0,0
Pojo,0,0,0,1,0,0,0,0,0,0,0,0,0,3,0,0,2,0,0,1,2,0,0,0
NonSerializable,0,0,0,1,0,0,0,0,0,0,0,0,0,3,0,0,1,0,0,1,1,0,0,0
T,0,0,0,1,0,0,0,0,0,0,0,0,0,1,0,0,0,0,0,0,0,0,0,0
ListAllMyBucketsResponse,2,1,0,1,2,0,0,0,1,1,3,1,0,84,0,0,1,0,0,1,1,0,2,0
PreSignedUrlParser,2,0,0,1,0,2,6,2,0,0,0,0,0,41,0,0,2,2,0,4,2,0,8,0
ListBucketResponse,2,9,0,1,2,0,0,3,0,1,11,1,10,234,0,0,9,0,0,1,9,0,2,0
GetResponse,2.67,0,0,1,2,0,0,0,1,1,2,0,0,47,0,0,1,0,0,3,1,0,8,0
S3Object,1,0,0,1,0,0,0,0,2,0,0,0,0,14,0,0,2,0,0,1,2,0,1,0
Response,1,0,0,1,0,0,0,0,0,0,0,0,0,7,0,0,1,0,4,1,1,0,1,0
LocationResponse,1.5,0,0,1,2,0,0,0,0,1,2,0,0,67,0,0,1,1,0,2,1,1,3,0
Owner,0,0,0,1,0,0,0,0,0,0,0,0,0,4,0,0,2,0,0,1,2,0,0,0
CommonPrefixEntry,0,0,0,1,0,0,0,0,0,0,0,0,0,6,0,0,1,0,0,1,1,0,0,0
VanityCallingFormat,1,0,1,1,0,0,0,0,0,2,0,0,0,5,0,0,0,1,0,1,0,1,1,0
Experimental,0,0,0,1,0,0,0,0,0,0,0,0,0,3,0,0,0,0,0,0,0,0,0,0
GuardedBy,0,0,0,1,0,0,0,0,0,0,0,0,0,3,0,0,0,0,0,0,0,0,0,0
Immutable,0,0,0,1,0,0,0,0,0,0,0,0,0,2,0,0,0,0,0,0,0,0,0,0
LocalAddress,0,0,0,1,0,0,0,0,0,0,0,0,0,2,0,0,0,0,0,0,0,0,0,0
ManagedAttribute,0,0,0,1,0,0,0,0,0,0,0,0,0,7,0,0,0,0,0,0,0,0,0,0
ManagedOperation,0,0,0,1,0,0,0,0,0,0,0,0,0,3,0,0,0,0,0,0,0,0,0,0
MBean,0,0,0,1,0,0,0,0,0,0,0,0,0,5,0,0,0,0,0,0,0,0,0,0
Property,0,0,0,1,0,0,0,0,0,0,0,0,0,30,0,0,0,0,0,0,0,0,0,0
Unsupported,0,0,0,1,0,0,0,0,0,0,0,0,0,3,0,0,0,0,0,0,0,0,0,0
XmlAttribute,0,0,0,1,0,0,0,0,0,0,0,0,0,3,0,0,0,0,0,0,0,0,0,0
XmlElement,0,0,0,1,0,0,0,0,0,0,0,0,0,4,0,0,0,0,0,0,0,0,0,0
XmlInclude,0,0,0,1,0,0,0,0,0,0,0,0,0,8,0,0,0,0,0,0,0,0,0,0
Type,0,0,0,1,0,0,0,0,0,0,0,0,0,1,0,0,0,0,0,0,0,0,0,0
MyProtocol,1,0,0,1,0,0,0,0,0,1,0,0,0,3,0,0,0,1,0,1,0,1,1,0
ProvideAdditionalObjects,0.5,0,0,1,0,0,0,0,1,0,0,0,0,10,0,0,2,1,0,2,0,1,1,0
MockProtocol1,0,0,0,1,0,0,0,0,0,1,0,0,0,3,0,0,0,0,0,1,0,0,0,0
MockProtocol2,0,0,0,1,0,0,0,0,0,1,0,0,0,3,0,0,0,0,0,1,0,0,0,0
MessageHandler,1.5,3,0,1,4,2,2,2,2,0,6,1,0,138,0,0,6,0,0,4,6,0.33,6,0
DiscoveryPacket,0,0,0,1,0,0,0,0,0,0,0,0,0,3,0,0,1,0,2,0,0,0,0,0
StackType,0,0,0,1,0,0,0,0,0,0,0,0,0,1,0,0,0,0,0,0,0,0,0,0
Tuple,0,0,0,1,0,0,0,0,0,0,0,0,0,1,0,0,0,0,0,0,0,0,0,0
T,0,0,0,1,0,0,0,0,0,0,0,0,0,1,0,0,0,0,0,0,0,0,0,0
K,0,0,0,1,0,0,0,0,0,0,0,0,0,1,0,0,0,0,0,0,0,0,0,0
V,0,0,0,1,0,0,0,0,0,0,0,0,0,1,0,0,0,0,0,0,0,0,0,0
ImmutableReference,1,0,0,1,0,0,0,0,1,0,0,0,0,23,0,0,1,1,0,2,0,1,2,0
NoProgressException,1,0,0,1,0,0,0,0,0,3,0,0,0,5,0,0,0,0,0,1,0,0,1,0
ObjectInputStreamWithClassloader,1.4,0,0,1,0,0,0,0,0,2,0,0,0,37,0,0,1,0,0,5,0,1,7,0
V1,0,0,0,1,0,0,0,0,0,0,0,0,0,1,0,0,0,0,0,0,0,0,0,0
V2,0,0,0,1,0,0,0,0,0,0,0,0,0,1,0,0,0,0,0,0,0,0,0,0
V3,0,0,0,1,0,0,0,0,0,0,0,0,0,1,0,0,0,0,0,0,0,0,0,0
Address,0,0,0,1,0,0,0,0,0,0,0,0,0,9,0,0,6,0,2,0,0,0,0,0
Receiver,0,0,0,1,0,0,0,0,0,0,0,0,0,2,0,0,0,0,22,0,0,0,0,0
T,0,0,0,1,0,0,0,0,0,0,0,0,0,1,0,0,0,0,0,0,0,0,0,0
StateTransferException,1,0,0,1,0,0,0,0,0,2,0,0,0,15,0,0,1,0,0,3,0,0,3,0
T,0,0,0,1,0,0,0,0,0,0,0,0,0,1,0,0,0,0,0,0,0,0,0,0
